season,mnth,hr,holiday,weekday,workingday,weathersit,temp,humidity,windspeed,casual,registered,count

2,5,5,1,3,0,1,0.5609756097560976,0.12,0.1791044776119403,149,267,416
1,2,1,0,1,1,1,0.5609756097560976,0.12,0.1791044776119403,148,248,396
3,2,1,0,1,0,1,0.5121951219512195,0.12,0.1791044776119403,129,211,340
